{
    "move": "WAIT",
    "averagedUtilities": 0.3814283806471307,
    "utilities": [
        0,
        0.5902777777777778,
        0.5833333333333333,
        0.6957465277777777,
        0,
        0.4416666666666667,
        0.358974358974359
    ]
}

{
    "move": "COMPLETE 24",
    "averagedUtilities": 0.29744405261227974,
    "utilities": [
        0.8333333333333334,
        0,
        0.5833333333333333,
        0,
        0,
        0.3584905660377359,
        0.3069511355815554
    ]
}